Title,Links,Dates
"Rockefeller Neurosciences Institute seeking to advance tech, digital ...",https://www.wvnews.com/rockefeller-neurosciences-institute-seeking-to-advance-tech-digital-medicine-in/article_fbb16c16-7250-5b1e-ae56-eb98677c6fef.html, 9 hours ago
Longtime Cuomo aide James Malatras to head Empire State College,https://www.timesunion.com/news/article/Malatras-to-head-Empire-State-College-13829911.php," May 8, 2019"
Rockefeller Neuroscience Institute to hold summit following ...,https://www.wvnews.com/morgantownnews/news/rockefeller-neuroscience-institute-to-hold-summit-following-renovations/article_96b58d0d-3d93-5475-9730-57c7a094a445.html," Apr 29, 2019"
Patients share their stories at inaugural Rockefeller Neuroscience ...,https://www.wvnews.com/morgantownnews/news/patients-share-their-stories-at-inaugural-rockefeller-neuroscience-institute-summit/article_2ba149c0-a762-5fde-b6e4-3ea451cfbf24.html," May 16, 2019"
Josh Gottheimer touts increase in federal grants to NJ towns,https://www.northjersey.com/story/news/bergen/2019/05/23/josh-gottheimer-says-nj-getting-more-federal-grant-money/1204498001/, 4 days ago
WVU Medicine Rockefeller Neuroscience Institute hopes to move ...,https://www.wvnews.com/theet/news/wvu-medicine-rockefeller-neuroscience-institute-hopes-to-move-forward-on/article_5eb15339-d33d-55fc-9efc-eff69ec7ab31.html," May 14, 2019"
"NY marijuana: What to know about cannabis jobs, pot college and ...",https://www.lohud.com/story/news/investigations/2019/05/13/ny-marijuana-what-know-cannabis-jobs-pot-college-immigrants/1165511001/," May 13, 2019"
WVU Rockefeller Innovation Center plans for groundbreaking ...,https://www.wvnews.com/news/wvnews/wvu-rockefeller-innovation-center-plans-for-groundbreaking-research/article_3766f3f0-c12c-503c-87c7-445b738fe688.html," May 15, 2019"
Jim Malatras will be the next SUNY Empire State College president,https://www.bizjournals.com/albany/news/2019/05/09/suny-empire-state-college-jim-malatras-president.html," May 9, 2019"
Census hearing raises new questions in advance of 2020 count,https://www.timesunion.com/news/article/Census-hearing-raises-new-questions-in-advance-of-13826444.php," May 7, 2019"
Longtime Cuomo aide James Malatras to head Empire State College,https://www.timesunion.com/news/article/Malatras-to-head-Empire-State-College-13829911.php," May 8, 2019"
Rockefeller Neuroscience Institute to hold summit following ...,https://www.wvnews.com/morgantownnews/news/rockefeller-neuroscience-institute-to-hold-summit-following-renovations/article_96b58d0d-3d93-5475-9730-57c7a094a445.html," Apr 29, 2019"
Patients share their stories at inaugural Rockefeller Neuroscience ...,https://www.wvnews.com/morgantownnews/news/patients-share-their-stories-at-inaugural-rockefeller-neuroscience-institute-summit/article_2ba149c0-a762-5fde-b6e4-3ea451cfbf24.html," May 16, 2019"
Josh Gottheimer touts increase in federal grants to NJ towns,https://www.northjersey.com/story/news/bergen/2019/05/23/josh-gottheimer-says-nj-getting-more-federal-grant-money/1204498001/, 4 days ago
WVU Medicine Rockefeller Neuroscience Institute hopes to move ...,https://www.wvnews.com/theet/news/wvu-medicine-rockefeller-neuroscience-institute-hopes-to-move-forward-on/article_5eb15339-d33d-55fc-9efc-eff69ec7ab31.html," May 14, 2019"
"NY marijuana: What to know about cannabis jobs, pot college and ...",https://www.lohud.com/story/news/investigations/2019/05/13/ny-marijuana-what-know-cannabis-jobs-pot-college-immigrants/1165511001/," May 13, 2019"
WVU Rockefeller Innovation Center plans for groundbreaking ...,https://www.wvnews.com/news/wvnews/wvu-rockefeller-innovation-center-plans-for-groundbreaking-research/article_3766f3f0-c12c-503c-87c7-445b738fe688.html," May 15, 2019"
Jim Malatras will be the next SUNY Empire State College president,https://www.bizjournals.com/albany/news/2019/05/09/suny-empire-state-college-jim-malatras-president.html," May 9, 2019"
Census hearing raises new questions in advance of 2020 count,https://www.timesunion.com/news/article/Census-hearing-raises-new-questions-in-advance-of-13826444.php," May 7, 2019"
Physician's assistant will speak at community health education event,http://www.texarkanagazette.com/news/texarkana/story/2019/may/22/physicians-assistant-will-speak-community-health-education-event/779735/, 5 days ago
Rockefeller Neuroscience Institute to hold summit following ...,https://www.wvnews.com/morgantownnews/news/rockefeller-neuroscience-institute-to-hold-summit-following-renovations/article_96b58d0d-3d93-5475-9730-57c7a094a445.html," Apr 29, 2019"
Patients share their stories at inaugural Rockefeller Neuroscience ...,https://www.wvnews.com/morgantownnews/news/patients-share-their-stories-at-inaugural-rockefeller-neuroscience-institute-summit/article_2ba149c0-a762-5fde-b6e4-3ea451cfbf24.html," May 16, 2019"
Josh Gottheimer touts increase in federal grants to NJ towns,https://www.northjersey.com/story/news/bergen/2019/05/23/josh-gottheimer-says-nj-getting-more-federal-grant-money/1204498001/, 4 days ago
WVU Medicine Rockefeller Neuroscience Institute hopes to move ...,https://www.wvnews.com/theet/news/wvu-medicine-rockefeller-neuroscience-institute-hopes-to-move-forward-on/article_5eb15339-d33d-55fc-9efc-eff69ec7ab31.html," May 14, 2019"
"NY marijuana: What to know about cannabis jobs, pot college and ...",https://www.lohud.com/story/news/investigations/2019/05/13/ny-marijuana-what-know-cannabis-jobs-pot-college-immigrants/1165511001/," May 13, 2019"
Jim Malatras will be the next SUNY Empire State College president,https://www.bizjournals.com/albany/news/2019/05/09/suny-empire-state-college-jim-malatras-president.html," May 9, 2019"
WVU Rockefeller Innovation Center plans for groundbreaking ...,https://www.wvnews.com/news/wvnews/wvu-rockefeller-innovation-center-plans-for-groundbreaking-research/article_3766f3f0-c12c-503c-87c7-445b738fe688.html," May 15, 2019"
Census hearing raises new questions in advance of 2020 count,https://www.timesunion.com/news/article/Census-hearing-raises-new-questions-in-advance-of-13826444.php," May 7, 2019"
Physician's assistant will speak at community health education event,http://www.texarkanagazette.com/news/texarkana/story/2019/may/22/physicians-assistant-will-speak-community-health-education-event/779735/, 5 days ago
"Transitions: New President at Iona College, U. of California at Los ...",https://www.chronicle.com/article/Transitions-New-President-at/246305," May 16, 2019"
Patients share their stories at inaugural Rockefeller Neuroscience ...,https://www.wvnews.com/morgantownnews/news/patients-share-their-stories-at-inaugural-rockefeller-neuroscience-institute-summit/article_2ba149c0-a762-5fde-b6e4-3ea451cfbf24.html," May 16, 2019"
Josh Gottheimer touts increase in federal grants to NJ towns,https://www.northjersey.com/story/news/bergen/2019/05/23/josh-gottheimer-says-nj-getting-more-federal-grant-money/1204498001/, 4 days ago
WVU Medicine Rockefeller Neuroscience Institute hopes to move ...,https://www.wvnews.com/theet/news/wvu-medicine-rockefeller-neuroscience-institute-hopes-to-move-forward-on/article_5eb15339-d33d-55fc-9efc-eff69ec7ab31.html," May 14, 2019"
"NY marijuana: What to know about cannabis jobs, pot college and ...",https://www.lohud.com/story/news/investigations/2019/05/13/ny-marijuana-what-know-cannabis-jobs-pot-college-immigrants/1165511001/," May 13, 2019"
WVU Rockefeller Innovation Center plans for groundbreaking ...,https://www.wvnews.com/news/wvnews/wvu-rockefeller-innovation-center-plans-for-groundbreaking-research/article_3766f3f0-c12c-503c-87c7-445b738fe688.html," May 15, 2019"
Jim Malatras will be the next SUNY Empire State College president,https://www.bizjournals.com/albany/news/2019/05/09/suny-empire-state-college-jim-malatras-president.html," May 9, 2019"
Census hearing raises new questions in advance of 2020 count,https://www.timesunion.com/news/article/Census-hearing-raises-new-questions-in-advance-of-13826444.php," May 7, 2019"
Physician's assistant will speak at community health education event,http://www.texarkanagazette.com/news/texarkana/story/2019/may/22/physicians-assistant-will-speak-community-health-education-event/779735/, 5 days ago
"Transitions: New President at Iona College, U. of California at Los ...",https://www.chronicle.com/article/Transitions-New-President-at/246305," May 16, 2019"
"'Junk' DNA can cause autism, groundbreaking study finds",https://www.phillyvoice.com/autism-junk-dna-groundbreaking-study/, 3 hours ago
